Sunil Chhetri,https://tmssl.akamaized.net/images/foto/galerie/sunil-chhetri-1623479398-64920.jpg?lm=1623479408
Komal Thatal,https://staticg.sportskeeda.com/wp-content/uploads/2017/09/komal-thatal_-mf-1506743480.jpg
Sandesh Jhingan,https://assets.telegraphindia.com/telegraph/2020/Sep/1601143795_1601067565_capture1.jpg
Ishan Pandita,https://www.indiansuperleague.com/static-resources/waf-images/content/89/be/33/0/iCGoWIWCPg.jpg
Harmanjot Khabra,https://www.indiansuperleague.com/static-resources/images/players/small/0/10694.png?v=5.41
Brandon Fernandes,https://thebridge.in/h-upload/2021/04/10/2435-brandon-fernandes.webp
Dheeraj Singh,https://upload.wikimedia.org/wikipedia/commons/f/f1/4494-dheeraj-singh.webp
Lalrindika Ralte,https://staticg.sportskeeda.com/editor/2022/02/a7c55-16456183694655-1920.jpg
Apuia,https://pbs.twimg.com/media/ExVxN6IVgAQ6yZ4.jpg
Michael Soosairaj,https://technosports.co.in/wp-content/uploads/2022/05/Michael-Soosairaj-ATKMB.jpg
Pritam Kotal,https://www.indiansuperleague.com/static-resources/waf-images/content//2b/2c/3a/16-9/65pOFGp5uY.jpg
Mohammad Rafique,https://imgnew.outlookindia.com/uploadimage/library/16_9/16_9_2/IMAGE_1655378130.webp
Chuni Goswami,https://img.jagranjosh.com/imported/images/E/GK/chuni-goswami-biography.jpg
IM Vijayan,https://www.sportsindiashow.com/wp-content/uploads/2019/09/maxresdefault-1-1-1024x576.jpg
Anirudh Thapa,"https://static.toiimg.com/thumb/msid-77110694,imgsize-517233,width-400,resizemode-4/77110694.jpg"
Seiminlen Doungel,https://pbs.twimg.com/profile_images/1352983765023297537/iY34vwR8_400x400.jpg
Sahal Abdul Samad,https://www.indiansuperleague.com/static-resources/waf-images/content/a1/39/ef/16-9/8GIbZ5D6Mc.jpg
Prasanth Karuthadathkuni,https://upload.wikimedia.org/wikipedia/commons/9/9c/Prasanth_Karuthadathkuni.png
Robin Singh,https://encrypted-tbn0.gstatic.com/images?q=tbn:ANd9GcRQq7gIpinZbhpLRyqPI1QjhKsBmsmTnDv9xS9tprD7N6C2v7OGPXRL1rCSW2uZv4l8fjk&usqp=CAU
Danish Farooq,https://staticg.sportskeeda.com/editor/2021/05/d174e-16218918398976-800.jpg
Bipin Singh,https://aniportalimages.s3.amazonaws.com/media/details/Bipin_ka_singhssssww_SyxUHkM.jpg
Jeje Lalpekhlua,https://static.footballcounter.com/wp-content/uploads/2019/10/18010840/Jeje-Lalpekhlua-1-860x520.jpg
Prabir Das,https://library.sportingnews.com/styles/crop_style_16_9_mobile_2x/s3/2021-08/prabir-das-atletico-de-kolkata-northeast-united-fc-isl-season-3-2016_u6l0xsxsxp9i14uxrx1olg85j.jpg?itok=fMsKtigT
Liston Colaco,https://aniportalimages.s3.amazonaws.com/media/details/FU5wQKbXEAA06Bv2022061709583220220617101503.jpg
Rahul Bheke,https://encrypted-tbn0.gstatic.com/images?q=tbn:ANd9GcQ7jnbYUxbP93jy2cZVsZ5SZIckQxeKE2w0gYm1e78XLGzseZuEiGvu8THqXjTQss-L68k&usqp=CAU
Eugeneson Lyngdoh,https://encrypted-tbn0.gstatic.com/images?q=tbn:ANd9GcSg6cSnKqmQuBaMqh6TOdwGYlbRwRMR1J34o1_DzWHfrkFHGzJ3ML6Yg8YaB_-lIgnE2nY&usqp=CAU
Arata Izumi,https://encrypted-tbn0.gstatic.com/images?q=tbn:ANd9GcT5d0XpMqYkeqNUV6aFX8t086kpeq8QneAQI-N36eJYNUYoYMehBsuAQsohZvaD26SJF1c&usqp=CAU
Arnab Mondal,https://assets.telegraphindia.com/telegraph/28spoArnab.jpg
Balwant Singh,"https://static.toiimg.com/thumb/msid-60429934,imgsize-241557,width-400,resizemode-4/60429934.jpg"
Hira Mondal,https://tmssl.akamaized.net/images/foto/galerie/hira-mondal-1620038322-61897.jpg?lm=1620038351
Bhaichung Bhutia,https://encrypted-tbn0.gstatic.com/images?q=tbn:ANd9GcQnJnM6nTzfgah7cROPIq0QFUgu2_cHIKy_Lg&usqp=CAU
NP Pradeep,https://upload.wikimedia.org/wikipedia/commons/7/7a/NPPradeep.jpg
Gouramangi Singh,https://imgnew.outlookindia.com/public/uploads/articles/2020/7/6/Webp.net-resizeimage_-_2020-07-06T195941_.381_.jpg
Rohit Danu,https://encrypted-tbn0.gstatic.com/images?q=tbn:ANd9GcSL0wffSIY3Nius_jMcNQ3yEWgrOqzXAnlkZMmjrOLrM-IP59T3IFCy_betfIKMh36LfmA&usqp=CAU
Anwar Ali,"https://static.toiimg.com/thumb/msid-92236461,width-1280,height-720,resizemode-4/.jpg"
Bala Devi,https://static.toiimg.com/photo/msid-74637623/74637623.jpg
Manisha Kalyan,https://images.news18.com/ibnkhabar/uploads/2022/07/manisha-kalyan-football.jpeg-16572749514x3.jpg
Anju Tamang,https://thebridge.in/h-upload/2021/08/26/14103-indian-footballer-anju-tamang.webp
Bembem Devi,https://assets.thehansindia.com/h-upload/2020/01/26/257357-bembem.webp
Amrinder Singh,https://images.news18.com/ibnlive/uploads/2021/09/amrinder-singh-16327087303x2.jpg
Himanshu Jangra,https://pbs.twimg.com/media/EtOc9i9VcAAKFXg?format=jpg&name=large
Chinglensana Singh,https://assets.khelnow.com/news/uploads/2021/08/HFC-Sana-1.jpg
Seriton Fernandes,https://parimatchnews.com/wp-content/uploads/2020/11/Seriton-Fernandes-2.jpg
Debjit Majumdar,https://assets.khelnow.com/news/uploads/2021/07/Debjit-Majumder.jpg
Sanju Pradhan,https://upload.wikimedia.org/wikipedia/commons/thumb/c/cf/Sanju_Pradhan.jpg/200px-Sanju_Pradhan.jpg
Phalguni Singh,https://i-league.org/wp-content/uploads/2021/05/PHALGUNI2MID.png
Emil Benny,https://www.onmanorama.com/content/dam/mm/en/sports/football/images/2021/3/28/emil-benny-trophy.jpg
Bryce Miranda,https://www.mathrubhumi.com/image/contentid/policy:1.7609092:1655308082/New%20Project%20(4).jpg?$p=2922c1a&f=16x10&w=856&q=0.8
Mahesh Gawli,https://assets.goal.com/v3/assets/bltcc7a7ffd2fbf71f5/blt0557c59dab59add0/60db57c0f1ff900f4d3e80c6/e5eb02d1ebdde0c74526cb9a5f2963984bd9593d.jpg
Jessel Carneiro,https://encrypted-tbn0.gstatic.com/images?q=tbn:ANd9GcSkQVkNdTb4S1vEhx41T6eg79IuwM2vwcZzqmYB0BXSWi2YUdem8cH6qVS5k9UfIKkI4Mc&usqp=CAU
Nikum Gyamar,https://encrypted-tbn0.gstatic.com/images?q=tbn:ANd9GcRMZ6ie0N-gUsSWADwjZAOWh6fby_qs2ZkLeBZwL20lJSk-xN4CARmlPlS13UU_ojffNQg&usqp=CAU
Faisal Ali,https://newsfront.co/wp-content/uploads/2021/01/Faisal-Ali.jpg
Alex Saji,https://encrypted-tbn0.gstatic.com/images?q=tbn:ANd9GcT7a-uYG8L7wptDPYyCRaCPERN17QX--z1zhRaF0RZwC5pnCnvW3bLdVt2f6eyBOv-rj3I&usqp=CAU
Clifford Miranda,"https://images2.minutemediacdn.com/image/upload/c_fill,w_720,ar_16:9,f_auto,q_auto,g_auto/shape/cover/sport/Indian-national-football-team-player-Cli-e529dec7c8ff9ade41dbc2397ccf97cf.jpg"
Mohammad Nawaz,https://images.newindianexpress.com/uploads/user/imagelibrary/2021/9/27/w900X450/Mohammad_Nawaz.jpg?w=400&dpr=2.6
VP Suhair,https://encrypted-tbn0.gstatic.com/images?q=tbn:ANd9GcSVdYOvtFXpLDXn3XqIKoCvxcN8bU56B8CW-qUxnaA7jqVWve2KbSRXtmJR4i2d2WNaCSc&usqp=CAU
Lallianzuala Chhangte,https://www.indiansuperleague.com/static-resources/waf-images/content//97/37/3f/16-9/nVqK0KWzPF.jpg
Shubham Sarangi,"https://www.thehandbook.com/cdn-cgi/image/width=600,height=600,fit=cover,q=85/https://files.thehandbook.com/uploads/2020/07/75349298-2443117832453546-923519536026615808-n.jpg"
Hormipam Ruivah,https://staticg.sportskeeda.com/editor/2021/04/69351-16178854405793-800.jpg
Pronay Halder,https://notednames.com/ImgProfile/@h@@_Pronay%20Halder.jpg
Rowllin Borges,https://assets.goal.com/v3/assets/bltcc7a7ffd2fbf71f5/blt02d1a7a7673034cb/60da82c893730d0ef6f78bf7/48767c72803c630c66121d7cc3c85e6585cf58f3.jpg
PK Banerjee,https://resize.indiatvnews.com/en/resize/newbucket/715_-/2020/03/img-20200320-160641-1584700633.jpg
Ishan Pandita,https://pbs.twimg.com/media/ExVxObPUYAM4fAt.jpg
Mashoor Shereef,https://upload.wikimedia.org/wikipedia/commons/e/e6/Mashoor_Shereef.jpg
Subhasish Bose,https://i0.wp.com/theawayend.co/wp-content/uploads/2020/08/Subhasish-Bose.jpg?fit=1200%2C900&ssl=1
Pintu Mahata,https://pbs.twimg.com/profile_images/1049199991862964224/CRVNK-0Z_400x400.jpg
Ashalata Devi,https://pbs.twimg.com/media/ElVG79QUcAAXGn0?format=jpg&name=large
Sandhiya Ranganathan,https://pbs.twimg.com/media/EYco6BQUYAA90jL?format=jpg&name=4096x4096
Dalima Chhibber,https://encrypted-tbn0.gstatic.com/images?q=tbn:ANd9GcQ7P-nm5AllMy7GJFHnyQ01yafV4GknN53hEvrkpsDuoWg4PnzilJwTpZu42dHMOcyFMPI&usqp=CAU
Dangmei Grace,https://im.indiatimes.in/media/content/2019/Nov/grace_dangmei_is_a_hero_1573709293.jpeg
Nishu Kumar,https://nettv4u.com/imagine/14-06-2018/nishu-kumar.jpg
Jeakson Singh,"https://static.toiimg.com/thumb/msid-60923215,imgsize-89401,width-400,resizemode-4/60923215.jpg"
Sanjeev Stalin,https://thebridge.in/h-upload/2022/07/04/31908-untitled-design-10.webp
Gurjinder Kumar,https://www.mykhel.com/thumb/250x90x250/football/players/7/440807.jpg
Arshdeep Singh,https://images.news18.com/ibnlive/uploads/2022/06/sports-10-16540735034x3.png
Akash Mishra,https://images.newindianexpress.com/uploads/user/imagelibrary/2021/5/9/w900X450/Akash_Mishra_ISL.jpg?w=400&dpr=2.6
Bikash Yumnam,https://assets.khelnow.com/news/uploads/2020/10/Lead-Pic_2x11.jpg
Krishanu Dey,https://encrypted-tbn0.gstatic.com/images?q=tbn:ANd9GcRPCe874Pt2VMceW7jABHaS6T9triJcOF_YzZrgSOZCtG1NctNeANiLscdNCz0QpaAGSPw&usqp=CAU
Subrata Bhattacharya,https://pbs.twimg.com/media/FM3KNobaMAEa4he.jpg
Bidyananda Singh,https://www.sportsadda.com/static-assets/waf-images/4e/9f/18/16-9/f5W3AB7qjS.jpg
Sumit Rathi,https://www.indiansuperleague.com/static-resources/waf-images/content//27/70/57/16-9/Q8oPn8z2pU.jpg
Kiyan Nassiri,https://i0.wp.com/theawayend.co/wp-content/uploads/2022/01/ISL-2021-22-ATK-Mohun-Bagan-vs-SC-East-Bengal-Kiyan-Nassiri.webp?fit=796%2C448&ssl=1
Arata Izumi,https://sportstar.thehindu.com/migration_catalog/article17135025.ece/alternates/FREE_1200/31_SSLIVE_ARATA-IZUMI
Pronay Halder,https://blog.cpdfootball.de/wp-content/uploads/2019/11/pronay-halder-india-football-defender.jpg
Aditi Chauhan,https://images.news18.com/ibnlive/uploads/2022/01/sports-49.png
Romeo Fernandes,https://staticg.sportskeeda.com/editor/2017/11/a778e-1510670489-800.jpg
Glan Martins,"https://static.toiimg.com/thumb/msid-82911021,imgsize-36965,width-400,resizemode-4/82911021.jpg"
Brandon Fernandes,https://pbs.twimg.com/media/EzMNkeYVUAkxQCs.jpg
Leon Augustine,https://www.indiansuperleague.com/static-resources/images/players/small/0/69339.png?v=5.41
Sivasakthi,https://pbs.twimg.com/media/FDVvNoOUYAU45mJ.jpg:large
Udanta Singh,https://encrypted-tbn0.gstatic.com/images?q=tbn:ANd9GcRiObdJ_Dysv6Th_ddX-HISh4ZwMNEU_bK2JCCwHha2xoM8Kn2bM2Hh_XKQBjc0pmUKdhU&usqp=CAU
Jackichand Singh,"https://static.toiimg.com/thumb/msid-77614138,imgsize-100204,width-400,resizemode-4/77614138.jpg"
Talimeren Ao,https://www.morungexpress.com/uploads/2020/09/14882505_1600023755_Naga-Olympian1-001-750x1024.jpg
Bruno Coutinho,https://prod.chaseyoursport.com/blogImage/0.9113548185255305.jpeg
Nirmal Chhetri,https://media.gettyimages.com/photos/toni-kroos-of-muenchen-is-challenged-by-nirmal-chettri-of-india-the-picture-id136671327?s=2048x2048
Ashutosh Mehta,https://encrypted-tbn0.gstatic.com/images?q=tbn:ANd9GcT-IVXZyZgPHEG4rQ17aoBFtViGzH8qq3o2Dg&usqp=CAU
Jayesh Rane,https://encrypted-tbn0.gstatic.com/images?q=tbn:ANd9GcTUvp-DiqI1fi6k5F06RJZDDJSH9EeUBP3DkKTUp2ZIulRIopXSlxTbKY2TtkSPbOCq5Xk&usqp=CAU
Ashish Rai,https://encrypted-tbn0.gstatic.com/images?q=tbn:ANd9GcS46Ex6dNHI1znB2lMDrwtJwPRdwVlzfZQgb6aEteDjpqQ_YU8r1hYPLD-D-PHxyJgrkvs&usqp=CAU
Maheson Singh,https://pbs.twimg.com/media/FC7nEwOUcAMdKL5.jpg
Jithin MS,https://upload.wikimedia.org/wikipedia/commons/thumb/b/b3/Jithin_M_S.jpg/640px-Jithin_M_S.jpg
Raju Gaikwad,https://bizbehindsports.com/wp-content/uploads/2021/01/IMG-20210105-WA0040.jpg
Arindam Bhattacharya,https://upload.wikimedia.org/wikipedia/commons/5/53/Arindam_Bhattacharya.jpg
Arindam Bhattacharya,https://encrypted-tbn0.gstatic.com/images?q=tbn:ANd9GcSVccM-08YnxJfUOMdm5-N1Hn-C0H-Td_mdVeY_2JgZ6_s8HwvECi5cbKc8tWL-LxsKtN4&usqp=CAU
Lenny Rodrigues,https://www.footballdatabase.eu/images/photos/players/a_161/161174.jpg
Naushad Moosa,https://encrypted-tbn0.gstatic.com/images?q=tbn:ANd9GcQ-9Qm-faLFKDUxK0NBhne9mxGOhpcuzITfED1Sj_mzsVzZomXSZF9vfD4IXfjXH6pAKc0&usqp=CAU
Namgyal Bhutia,https://www.indiansuperleague.com/static-resources/images/players/small/0/38960.png?v=5.41
Phurba Lachenpa,https://images.newindianexpress.com/uploads/user/imagelibrary/2020/10/24/w1200X800/EgQZeU2VoAAcGp9.jpg
Redeem Tlang,https://images.news18.com/ibnlive/uploads/2022/01/redeem-tlang.jpg
Manvir Singh,https://encrypted-tbn0.gstatic.com/images?q=tbn:ANd9GcTMMQDQMPx3aksZ1mSmDijOToQr-3RUeVlg1HPAcRNN9hBaEiWj45WPzUWVBgxyBSHQOSg&usqp=CAU
Pyari Xaxa,https://www.prameyanews.com/wp-content/uploads/2021/02/dugt-tLZx4EkX5x7.jpg
CK Vineeth,https://www.thenewsminute.com/sites/default/files/styles/news_detail/public/c%20k%20vineeth.jpg?itok=VsrdbgFo
Ayush Adhikari,https://pbs.twimg.com/profile_images/1435295174091948038/YCjooC2t_400x400.jpg
Vikram Partap Singh,https://encrypted-tbn0.gstatic.com/images?q=tbn:ANd9GcTqg3KAEjl_wDCC5VSWYYulRS9y5HKW39sCD2igcwA2B4rlr7_4u2Uyt7Do-hM7t6zki_g&usqp=CAU
Sumeet Passi,https://static.theprint.in/wp-content/uploads/2022/02/Sumeet_Passi2022022609363720220226094317.jpg
Gourav Mukhi,https://assets.telegraphindia.com/telegraph/2020/Dec/1607431962_8jamgauravmukhi-1.jpg
Mobashir Rahman,https://encrypted-tbn0.gstatic.com/images?q=tbn:ANd9GcRVq5696NNqEaG5XfSWgJq-LPKau8zJvcftsw&usqp=CAU
TP Rehenesh,https://www.indiansuperleague.com/static-resources/waf-images/content/34/2b/b7/16-9/796-597/MoioOnjiJa.jpg
Amey Ranawade,https://resize.indiatvnews.com/en/resize/newbucket/715_-/2021/03/untitled-2-copy-1615695362.jpg
Adil Khan,https://encrypted-tbn0.gstatic.com/images?q=tbn:ANd9GcRdGpT5RQWKQ7pC6pTHMao9cLRSpRYdW0CYSkZL2QvB5Mp5OincqwwvDYriSPakF6fxIp8&usqp=CAU
Sahil Tavora,https://www.indiansuperleague.com/static-resources/images/players/small/0/26717.png?v=5.41
Aniket Jadhav,https://i2.wp.com/theawayend.co/wp-content/uploads/2021/07/Aniket-Jadhav.jpg?fit=1200%2C900
Farukh Choudhary,https://www.indiansuperleague.com/static-resources/waf-images/content//3d/3d/f6/16-9/D3Hjm6qj9P.jpg
Robin Singh,"https://static.toiimg.com/thumb/msid-65105510,imgsize-448832,width-400,resizemode-4/65105510.jpg"
Naveen Kumar,https://assets.goal.com/v3/assets/bltcc7a7ffd2fbf71f5/blte267877365e90e30/60dc814d22d24e38a38de294/9b6d98be50fa31a73179e77dfad8ef0a05f36dfb.jpg?auto=webp&format=jpg&quality=100
Sarthak Golui,https://s3.ap-southeast-1.amazonaws.com/images.deccanchronicle.com/dc-Cover-fsaifujltj2ug11qfdc6nmhks0-20210712185410.Medi.jpeg
Mehtab Hossain,https://encrypted-tbn0.gstatic.com/images?q=tbn:ANd9GcRK4Z5iIDTd2rWVzvhQZACISK4F7lFhXfOZeTC0wVnRTEhEQvs5FDzOFfiLXxNreiykSR0&usqp=CAU
Jerry Lalrinzuala,https://static.toiimg.com/photo/msid-77258971/77258971.jpg
Mehrajuddin Wadoo,https://resize.indiatvnews.com/en/resize/oldbucket/715_-/sportssoccer/IndiaTv974ea1_wadoo.jpg
Mehrajuddin Wadoo,https://www.mykhel.com/img/2016/10/mehrajuddin-wadoo-chennaiyin-fc-28-1477638895.jpg
Rakshit Dagar,https://pbs.twimg.com/media/FQwbxesacAQvPmn?format=jpg&name=large
Tenzin Samdup,https://pbs.twimg.com/tweet_video_thumb/FNUxwx_aAAEK7Hv.jpg
Ritwik Das,https://assets.telegraphindia.com/abp/2022/Mar/1646824818_ritwik-2.jpg
Laxmikant Kattimani,https://assets.khelnow.com/news/uploads/2019/09/0568491372_1376425098.jpg
Dhanpal Ganesh,https://www.indiansuperleague.com/static-resources/images/players/small/0/3984.png?v=5.41
Alexander Jesuraj,https://tmssl.akamaized.net/images/foto/galerie/alexander-romario-jesuraj-1614011284-57215.png?lm=1614011305
Saviour Gama,https://www.indiansuperleague.com/static-resources/waf-images/content/ea/46/13/0/szkVaCtGKW.jpg
Halicharan Narzary,https://thebridge.in/h-upload/2022/07/05/31985-haricharan-narzary.webp
Muhammed Nemil,https://www.indiansuperleague.com/static-resources/waf-images/content/14/94/00/0/e6aqbIKlGY.jpg
Subho Paul,https://staticg.sportskeeda.com/editor/2021/06/8d98a-16239465391808-800.jpg
Gurmukh Singh,https://encrypted-tbn0.gstatic.com/images?q=tbn:ANd9GcQGXXnz7rKpex2XjKAGZkr9O8KC2uiqZAXM6rh7n-FNfvhnMGOr60I498i6KUL2FCmvHC0&usqp=CAU
Laldanmawia Ralte,https://upload.wikimedia.org/wikipedia/commons/thumb/6/6f/Danmawia17.jpg/800px-Danmawia17.jpg
Thoi Singh,https://www.indiansuperleague.com/static-resources/images/players/small/0/16574.png?v=5.41
Narayan Das,https://encrypted-tbn0.gstatic.com/images?q=tbn:ANd9GcTJiEPcfJkWRr0vp_UZ8b6nuPXgL0h9qTFmRCPITY-YcnjueLCN3K1JVqVghHnyxD9mQos&usqp=CAU
Subrata Paul,https://assets.telegraphindia.com/telegraph/2021/Mar/1615379982_10jamsubrata-1.jpg
Ashim Biswas,https://www.indiansuperleague.com/static-resources/images/players/small/0/31806.png?v=3.4
Sandip Nandy,https://assets.goal.com/v3/assets/bltcc7a7ffd2fbf71f5/blt8d12d9e68238b590/60de7e28cbc6070f5c465fae/3d11d43d29372a0634c2f9399f1a25ca0d25b20e.jpg
Albino Gomes,https://pbs.twimg.com/media/E0yjG85VkAAEwr2.jpg
Rahim Ali,https://thebridge.in/h-upload/2021/11/17/19012-thumbnail-rahim.webp
Joby Justin,https://encrypted-tbn0.gstatic.com/images?q=tbn:ANd9GcTdwzbYCT0Y1TuStD8GBU3znXYGEp6NQXvNgDmypbFvFgSidISnrEzgoSjm7ZlzDhg3rXU&usqp=CAU
Jiteshwor Singh,https://www.mykhel.com/img/2022/06/jiteshwor-singh-1654584975.jpg
Roshan Singh,https://static.theprint.in/wp-content/uploads/2022/06/ezgif20220610143727.jpg
Parthib Gogoi,https://upload.wikimedia.org/wikipedia/commons/d/dc/Parthib_Gogoi.jpg
